label,rows,backend,seconds,peak_mem_mb,extras
preprocess,10000,lexicon,0.13352112495340407,2.283660888671875,{}
pii_scrub_regex,10000,lexicon,0.6267151671927422,3.235196113586426,{}
analyze_feedback,10000,lexicon,10.175596166867763,189.39016342163086,{}
sentiment,10000,lexicon,0.30013416707515717,1.2407760620117188,{}
category,10000,lexicon,0.3457887498661876,4.570456504821777,{}
emotion,10000,lexicon,0.14483820809982717,1.095245361328125,{}
score_gold_layer5,10000,lexicon,0.8448204579763114,8.00041389465332,{}
themes,10000,lexicon,2.3333241250365973,15.254393577575684,{}
score_gold_from_silver,10000,lexicon,0.8793044579215348,9.358556747436523,{}
